[
  {
    "value": "pizza especial",
    "synonyms": [
      "pizza especial",
      "Pizza Especial",
      "especial",
      "Especial"
    ]
  },
  {
    "value": "pizza peperoni",
    "synonyms": [
      "pizza peperoni",
      "Pizza Peperoni",
      "Peperoni",
      "peperoni",
      "pizza de peperoni"
    ]
  },
  {
    "value": "pizza hawaiana",
    "synonyms": [
      "pizza hawaiana",
      "Pizza Hawaiana",
      "Hawaiana",
      "hawaiana"
    ]
  },
  {
    "value": "pizza jamon",
    "synonyms": [
      "pizza jamon",
      "Pizza Jamon",
      "Jamon",
      "jamon",
      "pizza de jamon"
    ]
  }
]