[
  {
    "id": "348c4a0e-7963-4742-9d8b-9d1f1471b025",
    "data": [
      {
        "text": "ordenar",
        "userDefined": false
      }
    ],
    "isTemplate": false,
    "count": 0,
    "updated": 0
  },
  {
    "id": "7f6f676f-7ce0-48f2-b976-17befeeebe15",
    "data": [
      {
        "text": "quiero ordenar",
        "userDefined": false
      }
    ],
    "isTemplate": false,
    "count": 0,
    "updated": 0
  },
  {
    "id": "1eaf5b76-d33f-4120-a35c-ff4cc3001f25",
    "data": [
      {
        "text": "ordenar ",
        "userDefined": false
      },
      {
        "text": "pizza",
        "alias": "location",
        "meta": "@sys.location",
        "userDefined": false
      }
    ],
    "isTemplate": false,
    "count": 0,
    "updated": 0
  }
]