[
  {
    "id": "40e6a2d0-6d93-4add-8985-948ad3dbfe09",
    "data": [
      {
        "text": "confirmo",
        "alias": "confirmacion",
        "meta": "@confirmacion",
        "userDefined": true
      },
      {
        "text": " orden de ",
        "userDefined": false
      },
      {
        "text": "pizza",
        "meta": "@sys.ignore",
        "userDefined": false
      }
    ],
    "isTemplate": false,
    "count": 0,
    "updated": 0
  },
  {
    "id": "831fa645-b78e-420a-afb5-70819db3e9d2",
    "data": [
      {
        "text": "una pizza especial grande",
        "alias": "PedidoPizza",
        "meta": "@PedidoPizza",
        "userDefined": true
      }
    ],
    "isTemplate": false,
    "count": 0,
    "updated": 0
  },
  {
    "id": "29730009-36ce-4377-8d7b-85f6514181e3",
    "data": [
      {
        "text": "quiero ",
        "userDefined": false
      },
      {
        "text": "una pizza hawaiana mediana",
        "alias": "PedidoPizza",
        "meta": "@PedidoPizza",
        "userDefined": true
      }
    ],
    "isTemplate": false,
    "count": 0,
    "updated": 0
  },
  {
    "id": "dd06db50-a0eb-4469-9288-38dab6d69837",
    "data": [
      {
        "text": "quiero una ",
        "userDefined": false
      },
      {
        "text": "pizza especial grande",
        "alias": "PedidoPizza",
        "meta": "@PedidoPizza",
        "userDefined": true
      },
      {
        "text": " y ",
        "userDefined": false
      },
      {
        "text": "dos hawaianas medianas",
        "alias": "PedidoPizza",
        "meta": "@PedidoPizza",
        "userDefined": true
      }
    ],
    "isTemplate": false,
    "count": 0,
    "updated": 0
  },
  {
    "id": "498f153a-f4da-45de-b9f7-ee47cbcc4bfc",
    "data": [
      {
        "text": "quiero ordenar ",
        "userDefined": false
      },
      {
        "text": "dos pizzas especiales grandes",
        "alias": "PedidoPizza",
        "meta": "@PedidoPizza",
        "userDefined": true
      },
      {
        "text": " y ",
        "userDefined": false
      },
      {
        "text": "dos pizzas hawaianas medianas",
        "alias": "PedidoPizza",
        "meta": "@PedidoPizza",
        "userDefined": true
      },
      {
        "text": " a nombre de ",
        "userDefined": false
      },
      {
        "text": "Mario David Herrera Vásquez",
        "alias": "nombre",
        "meta": "@sys.any",
        "userDefined": true
      },
      {
        "text": " para ",
        "userDefined": false
      },
      {
        "text": "Comunidad San Jose  Las Delicias,",
        "alias": "direccion",
        "meta": "@sys.address",
        "userDefined": true
      },
      {
        "text": " telefono ",
        "userDefined": false
      },
      {
        "text": "45861875",
        "alias": "telefono",
        "meta": "@sys.phone-number",
        "userDefined": true
      }
    ],
    "isTemplate": false,
    "count": 0,
    "updated": 0
  },
  {
    "id": "c4f3ee7d-0593-4900-8da2-2b4fdfbde152",
    "data": [
      {
        "text": "especial",
        "alias": "tipopizza",
        "meta": "@tipopizza",
        "userDefined": true
      }
    ],
    "isTemplate": false,
    "count": 0,
    "updated": 0
  },
  {
    "id": "2711107a-a6a1-4f38-8ef6-5652ec514850",
    "data": [
      {
        "text": "quiero ordenar ",
        "userDefined": false
      },
      {
        "text": "una pizza especial grande",
        "alias": "PedidoPizza",
        "meta": "@PedidoPizza",
        "userDefined": true
      },
      {
        "text": " y ",
        "userDefined": false
      },
      {
        "text": "una pizza de jamon mediana",
        "alias": "PedidoPizza",
        "meta": "@PedidoPizza",
        "userDefined": true
      },
      {
        "text": " a nombre de ",
        "userDefined": false
      },
      {
        "text": "Mario David Herrera Vasquez",
        "alias": "nombre",
        "meta": "@sys.any",
        "userDefined": true
      },
      {
        "text": " para ",
        "userDefined": false
      },
      {
        "text": "Comunidad san jose las delicias",
        "alias": "direccion",
        "meta": "@sys.address",
        "userDefined": true
      },
      {
        "text": " telefono ",
        "userDefined": false
      },
      {
        "text": "45861875",
        "alias": "telefono",
        "meta": "@sys.phone-number",
        "userDefined": true
      }
    ],
    "isTemplate": false,
    "count": 0,
    "updated": 0
  },
  {
    "id": "d6e6b579-6d46-4204-a4a2-11e91cd2553c",
    "data": [
      {
        "text": "pizza especial",
        "alias": "tipopizza",
        "meta": "@tipopizza",
        "userDefined": false
      }
    ],
    "isTemplate": false,
    "count": 0,
    "updated": 0
  }
]